"17","date of last period","website"
"17","other fertility","website"
"17","pregnancy","website"
"20","pregnancy trimester","website"
"28","fertile window","website"
"29","sex life","website"
"47","health interests and fertility","website"
"47","pregnancy and parenting journey","website"
"78","relevant content to your fertility, pregnancy","website"
"91","to share your Ovia fertility, pregnancy","website"
"130","we share your pregnancy month/year","website"
"135","we share your pregnancy month/year","website"